{
    "name": "root",
    "gauges": {
        "Mover.Policy.Entropy.mean": {
            "value": 0.2773781418800354,
            "min": 0.2773781418800354,
            "max": 1.0581609010696411,
            "count": 5
        },
        "Mover.Policy.Entropy.sum": {
            "value": 554.2015380859375,
            "min": 554.2015380859375,
            "max": 2114.20556640625,
            "count": 5
        },
        "Mover.Step.mean": {
            "value": 9997.0,
            "min": 1999.0,
            "max": 9997.0,
            "count": 5
        },
        "Mover.Step.sum": {
            "value": 9997.0,
            "min": 1999.0,
            "max": 9997.0,
            "count": 5
        },
        "Mover.Policy.ExtrinsicValueEstimate.mean": {
            "value": -0.02498217672109604,
            "min": -3.9746623039245605,
            "max": -0.02498217672109604,
            "count": 5
        },
        "Mover.Policy.ExtrinsicValueEstimate.sum": {
            "value": -17.137773513793945,
            "min": -2655.074462890625,
            "max": -17.137773513793945,
            "count": 5
        },
        "Mover.Losses.PolicyLoss.mean": {
            "value": 0.14723044219620834,
            "min": 0.13078079430297726,
            "max": 0.14723044219620834,
            "count": 5
        },
        "Mover.Losses.PolicyLoss.sum": {
            "value": 1.1778435375696668,
            "min": 0.9154655601208409,
            "max": 1.1778435375696668,
            "count": 5
        },
        "Mover.Losses.ValueLoss.mean": {
            "value": 0.0715138223337514,
            "min": 0.0715138223337514,
            "max": 0.6121400897834627,
            "count": 5
        },
        "Mover.Losses.ValueLoss.sum": {
            "value": 0.5721105786700112,
            "min": 0.5721105786700112,
            "max": 4.284980628484239,
            "count": 5
        },
        "Mover.Policy.LearningRate.mean": {
            "value": 0.00029465175178275,
            "min": 0.00029465175178275,
            "max": 0.00029937677163631427,
            "count": 5
        },
        "Mover.Policy.LearningRate.sum": {
            "value": 0.002357214014262,
            "min": 0.0020706768097744,
            "max": 0.0023857326047558,
            "count": 5
        },
        "Mover.Policy.Epsilon.mean": {
            "value": 0.19821725,
            "min": 0.19821725,
            "max": 0.19979225714285714,
            "count": 5
        },
        "Mover.Policy.Epsilon.sum": {
            "value": 1.585738,
            "min": 1.3902256000000002,
            "max": 1.5952442000000002,
            "count": 5
        },
        "Mover.Policy.Beta.mean": {
            "value": 0.004911040775,
            "min": 0.004911040775,
            "max": 0.004989633631428571,
            "count": 5
        },
        "Mover.Policy.Beta.sum": {
            "value": 0.0392883262,
            "min": 0.03451225744,
            "max": 0.03976268558,
            "count": 5
        },
        "Mover.Environment.EpisodeLength.mean": {
            "value": 28.426470588235293,
            "min": 28.426470588235293,
            "max": 187.5,
            "count": 5
        },
        "Mover.Environment.EpisodeLength.sum": {
            "value": 1933.0,
            "min": 1875.0,
            "max": 2038.0,
            "count": 5
        },
        "Mover.Environment.CumulativeReward.mean": {
            "value": 0.9941911762854194,
            "min": 0.7414999838918448,
            "max": 0.9941911762854194,
            "count": 5
        },
        "Mover.Environment.CumulativeReward.sum": {
            "value": 67.60499998740852,
            "min": 7.4149998389184475,
            "max": 67.60499998740852,
            "count": 5
        },
        "Mover.Policy.ExtrinsicReward.mean": {
            "value": 0.9941911762854194,
            "min": 0.7414999838918448,
            "max": 0.9941911762854194,
            "count": 5
        },
        "Mover.Policy.ExtrinsicReward.sum": {
            "value": 67.60499998740852,
            "min": 7.4149998389184475,
            "max": 67.60499998740852,
            "count": 5
        },
        "Mover.IsTraining.mean": {
            "value": 1.0,
            "min": 1.0,
            "max": 1.0,
            "count": 5
        },
        "Mover.IsTraining.sum": {
            "value": 1.0,
            "min": 1.0,
            "max": 1.0,
            "count": 5
        }
    },
    "metadata": {
        "timer_format_version": "0.1.0",
        "start_time_seconds": "1638029692",
        "python_version": "3.8.8 (default, Apr 13 2021, 15:08:03) [MSC v.1916 64 bit (AMD64)]",
        "command_line_arguments": "C:\\Users\\power\\anaconda3\\Scripts\\mlagents-learn Mover.yaml --run-id 02 --resume",
        "mlagents_version": "0.27.0",
        "mlagents_envs_version": "0.27.0",
        "communication_protocol_version": "1.5.0",
        "pytorch_version": "1.10.0",
        "numpy_version": "1.20.1",
        "end_time_seconds": "1638029754"
    },
    "total": 62.6359852,
    "count": 1,
    "self": 0.005142500000005157,
    "children": {
        "run_training.setup": {
            "total": 0.1733956000000001,
            "count": 1,
            "self": 0.1733956000000001
        },
        "TrainerController.start_learning": {
            "total": 62.457447099999996,
            "count": 1,
            "self": 0.20062899999972217,
            "children": {
                "TrainerController._reset_env": {
                    "total": 5.8261121,
                    "count": 1,
                    "self": 5.8261121
                },
                "TrainerController.advance": {
                    "total": 56.337964400000274,
                    "count": 11060,
                    "self": 0.09442660000005532,
                    "children": {
                        "env_step": {
                            "total": 56.24353780000022,
                            "count": 11060,
                            "self": 35.870197400000976,
                            "children": {
                                "SubprocessEnvManager._take_step": {
                                    "total": 20.2526115999997,
                                    "count": 11060,
                                    "self": 0.4141411999996727,
                                    "children": {
                                        "TorchPolicy.evaluate": {
                                            "total": 19.838470400000027,
                                            "count": 10814,
                                            "self": 7.96421580000003,
                                            "children": {
                                                "TorchPolicy.sample_actions": {
                                                    "total": 11.874254599999997,
                                                    "count": 10814,
                                                    "self": 11.874254599999997
                                                }
                                            }
                                        }
                                    }
                                },
                                "workers": {
                                    "total": 0.12072879999954367,
                                    "count": 11059,
                                    "self": 0.0,
                                    "children": {
                                        "worker_root": {
                                            "total": 57.56287860000007,
                                            "count": 11059,
                                            "is_parallel": true,
                                            "self": 29.753053800000288,