{"count":1,"self":69.3889664,"total":70.686298499999992,"children":{"InitializeActuators":{"count":8,"self":0.0015003999999999998,"total":0.0015003999999999998,"children":null},"InitializeSensors":{"count":8,"self":0.0029971999999999998,"total":0.0029971999999999998,"children":null},"AgentSendState":{"count":3286,"self":0.3793434,"total":0.4263045,"children":{"CollectObservations":{"count":5264,"self":0.01299,"total":0.01299,"children":null},"WriteActionMask":{"count":5264,"self":0.008499,"total":0.008499,"children":null},"RequestDecision":{"count":5264,"self":0.025472099999999998,"total":0.025472099999999998,"children":null}}},"DecideAction":{"count":3286,"self":0.81298379999999992,"total":0.8339265,"children":{"RayPerceptionSensor.Perceive":{"count":10528,"self":0.020942699999999998,"total":0.020942699999999998,"children":null}}},"AgentAct":{"count":3286,"self":0.031102699999999997,"total":0.031102699999999997,"children":null}},"gauges":{},"metadata":{"timer_format_version":"0.1.0","start_time_seconds":"1639137000","unity_version":"2020.3.18f1","command_line_arguments":"C:\\Program Files\\Unity\\Hub\\Editor\\2020.3.18f1\\Editor\\Unity.exe -projectpath D:\/dev\/ap\/AI -useHub -hubIPC -cloudEnvironment production -hubSessionId ba64ea00-59ae-11ec-a1e2-03fa495e02c7 -accessToken pagn_-g3x3miHcyA61GJ1xlwk_DfYMQSzbrTWpLJpGg008f","communication_protocol_version":"1.5.0","com.unity.ml-agents_version":"2.0.1","scene_name":"group opdracht","end_time_seconds":"1639137070"}}