{
    "name": "root",
    "gauges": {
        "Mover.Policy.Entropy.mean": {
            "value": 0.7179836630821228,
            "min": 0.5607713460922241,
            "max": 1.7849212884902954,
            "count": 41
        },
        "Mover.Policy.Entropy.sum": {
            "value": 1431.659423828125,
            "min": 1112.009521484375,
            "max": 3576.982177734375,
            "count": 41
        },
        "Mover.Step.mean": {
            "value": 81998.0,
            "min": 1999.0,
            "max": 81998.0,
            "count": 41
        },
        "Mover.Step.sum": {
            "value": 81998.0,
            "min": 1999.0,
            "max": 81998.0,
            "count": 41
        },
        "Mover.Policy.ExtrinsicValueEstimate.mean": {
            "value": 0.18131700158119202,
            "min": -0.0852820873260498,
            "max": 0.1951974779367447,
            "count": 41
        },
        "Mover.Policy.ExtrinsicValueEstimate.sum": {
            "value": 123.83950805664062,
            "min": -57.138999938964844,
            "max": 131.9534912109375,
            "count": 41
        },
        "Mover.Environment.EpisodeLength.mean": {
            "value": 46.333333333333336,
            "min": 44.48837209302326,
            "max": 253.66666666666666,
            "count": 41
        },
        "Mover.Environment.EpisodeLength.sum": {
            "value": 1946.0,
            "min": 1436.0,
            "max": 2510.0,
            "count": 41
        },
        "Mover.Environment.CumulativeReward.mean": {
            "value": 0.7654523774981499,
            "min": -1.230285709457738,
            "max": 0.7747906993987949,
            "count": 41
        },
        "Mover.Environment.CumulativeReward.sum": {
            "value": 32.148999854922295,
            "min": -17.223999932408333,
            "max": 34.01999989151955,
            "count": 41
        },
        "Mover.Policy.ExtrinsicReward.mean": {
            "value": 0.7654523774981499,
            "min": -1.230285709457738,
            "max": 0.7747906993987949,
            "count": 41
        },
        "Mover.Policy.ExtrinsicReward.sum": {
            "value": 32.148999854922295,
            "min": -17.223999932408333,
            "max": 34.01999989151955,
            "count": 41
        },
        "Mover.Losses.PolicyLoss.mean": {
            "value": 0.13463950697110877,
            "min": 0.11976114956529013,
            "max": 0.14924392962711863,
            "count": 41
        },
        "Mover.Losses.PolicyLoss.sum": {
            "value": 0.9424765487977613,
            "min": 0.8383280469570309,
            "max": 1.193951437016949,
            "count": 41
        },
        "Mover.Losses.ValueLoss.mean": {
            "value": 0.00667635807344812,
            "min": 0.006424332954641916,
            "max": 0.020521583101418356,
            "count": 41
        },
        "Mover.Losses.ValueLoss.sum": {
            "value": 0.04673450651413684,
            "min": 0.04673450651413684,
            "max": 0.1436510817099285,
            "count": 41
        },
        "Mover.Policy.LearningRate.mean": {
            "value": 0.0002513961590584285,
            "min": 0.0002513961590584285,
            "max": 0.00029938182877748564,
            "count": 41
        },
        "Mover.Policy.LearningRate.sum": {
            "value": 0.0017597731134089997,
            "min": 0.0017597731134089997,
            "max": 0.0023857734047421997,
            "count": 41
        },
        "Mover.Policy.Epsilon.mean": {
            "value": 0.18379871428571432,
            "min": 0.18379871428571432,
            "max": 0.1997939428571429,
            "count": 41
        },
        "Mover.Policy.Epsilon.sum": {
            "value": 1.2865910000000003,
            "min": 1.2865910000000003,
            "max": 1.5952578000000002,
            "count": 41
        },
        "Mover.Policy.Beta.mean": {
            "value": 0.004191555842857143,
            "min": 0.004191555842857143,
            "max": 0.004989717748571429,
            "count": 41
        },
        "Mover.Policy.Beta.sum": {
            "value": 0.0293408909,
            "min": 0.0293408909,
            "max": 0.03976336422,
            "count": 41
        },
        "Mover.IsTraining.mean": {
            "value": 1.0,
            "min": 1.0,
            "max": 1.0,
            "count": 41
        },
        "Mover.IsTraining.sum": {
            "value": 1.0,
            "min": 1.0,
            "max": 1.0,
            "count": 41
        }
    },
    "metadata": {
        "timer_format_version": "0.1.0",
        "start_time_seconds": "1638197673",
        "python_version": "3.8.8 (default, Apr 13 2021, 15:08:03) [MSC v.1916 64 bit (AMD64)]",
        "command_line_arguments": "C:\\Users\\power\\anaconda3\\Scripts\\mlagents-learn Mover.yaml --run-id test4 --force",
        "mlagents_version": "0.27.0",
        "mlagents_envs_version": "0.27.0",
        "communication_protocol_version": "1.5.0",
        "pytorch_version": "1.10.0",
        "numpy_version": "1.20.1",
        "end_time_seconds": "1638198296"
    },
    "total": 622.0974213999999,
    "count": 1,
    "self": 0.006924599999933889,
    "children": {
        "run_training.setup": {
            "total": 0.1810750000000001,
            "count": 1,
            "self": 0.1810750000000001
        },
        "TrainerController.start_learning": {
            "total": 621.9094218,
            "count": 1,
            "self": 1.8821489999967298,
            "children": {
                "TrainerController._reset_env": {
                    "total": 8.1069125,
                    "count": 1,
                    "self": 8.1069125
                },
                "TrainerController.advance": {
                    "total": 611.7666313000033,
                    "count": 83541,
                    "self": 0.8796446000174001,
                    "children": {
                        "env_step": {
                            "total": 610.8869866999859,
                            "count": 83541,
                            "self": 386.7000433999573,
                            "children": {
                                "SubprocessEnvManager._take_step": {
                                    "total": 223.18851770001208,
                                    "count": 83541,
                                    "self": 3.598659700010728,
                                    "children": {
                                        "TorchPolicy.evaluate": {
                                            "total": 219.58985800000136,
                                            "count": 82367,
                                            "self": 67.81146470001005,
                                            "children": {
                                                "TorchPolicy.sample_actions": {
                                                    "total": 151.7783932999913,
                                                    "count": 82367,
                                                    "self": 151.7783932999913
                                                }
                                            }
                                        }
                                    }
                                },
                                "workers": {
                                    "total": 0.9984256000165228,
                                    "count": 83540,
                                    "self": 0.0,
                                    "children": {
                                        "worker_root": {
                                            "total": 603.4311609000051,
                                            "count": 83540,
                                            "is_parallel": true,
                                            "self": 298.3059812000008,