{
    "name": "root",
    "gauges": {
        "Mover.Policy.Entropy.mean": {
            "value": 1.0467077493667603,
            "min": 0.7590900659561157,
            "max": 1.7852647304534912,
            "count": 81
        },
        "Mover.Policy.Entropy.sum": {
            "value": 2085.041748046875,
            "min": 1525.77099609375,
            "max": 3575.88525390625,
            "count": 81
        },
        "Mover.Step.mean": {
            "value": 161997.0,
            "min": 1998.0,
            "max": 161997.0,
            "count": 81
        },
        "Mover.Step.sum": {
            "value": 161997.0,
            "min": 1998.0,
            "max": 161997.0,
            "count": 81
        },
        "Mover.Policy.ExtrinsicValueEstimate.mean": {
            "value": -2.186492919921875,
            "min": -2.3947932720184326,
            "max": -0.5551086664199829,
            "count": 81
        },
        "Mover.Policy.ExtrinsicValueEstimate.sum": {
            "value": -1493.3746337890625,
            "min": -1602.11669921875,
            "max": -373.588134765625,
            "count": 81
        },
        "Mover.Environment.EpisodeLength.mean": {
            "value": 33.64912280701754,
            "min": 33.016949152542374,
            "max": 261.8333333333333,
            "count": 81
        },
        "Mover.Environment.EpisodeLength.sum": {
            "value": 1918.0,
            "min": 1571.0,
            "max": 2354.0,
            "count": 81
        },
        "Mover.Environment.CumulativeReward.mean": {
            "value": -9.529824565377151,
            "min": -64.94166666269302,
            "max": -9.37457626552905,
            "count": 81
        },
        "Mover.Environment.CumulativeReward.sum": {
            "value": -543.2000002264977,
            "min": -585.8999999165535,
            "max": -389.64999997615814,
            "count": 81
        },
        "Mover.Policy.ExtrinsicReward.mean": {
            "value": -9.529824565377151,
            "min": -64.94166666269302,
            "max": -9.37457626552905,
            "count": 81
        },
        "Mover.Policy.ExtrinsicReward.sum": {
            "value": -543.2000002264977,
            "min": -585.8999999165535,
            "max": -389.64999997615814,
            "count": 81
        },
        "Mover.Losses.PolicyLoss.mean": {
            "value": 0.12393160410491481,
            "min": 0.1159701656967324,
            "max": 0.14939636836061254,
            "count": 81
        },
        "Mover.Losses.PolicyLoss.sum": {
            "value": 0.8675212287344037,
            "min": 0.8402522807009519,
            "max": 1.1951709468849003,
            "count": 81
        },
        "Mover.Losses.ValueLoss.mean": {
            "value": 0.05753079330246519,
            "min": 0.04868938965124211,
            "max": 0.11477328210492574,
            "count": 81
        },
        "Mover.Losses.ValueLoss.sum": {
            "value": 0.4027155531172563,
            "min": 0.3408257275586948,
            "max": 0.8034129747344801,
            "count": 81
        },
        "Mover.Policy.LearningRate.mean": {
            "value": 0.00020339857505762856,
            "min": 0.00020339857505762856,
            "max": 0.00029938174306322855,
            "count": 81
        },
        "Mover.Policy.LearningRate.sum": {
            "value": 0.0014237900254034,
            "min": 0.0014237900254034,
            "max": 0.0023857758047414,
            "count": 81
        },
        "Mover.Policy.Epsilon.mean": {
            "value": 0.1677995142857143,
            "min": 0.1677995142857143,
            "max": 0.1997939142857143,
            "count": 81
        },
        "Mover.Policy.Epsilon.sum": {
            "value": 1.1745966,
            "min": 1.1745966,
            "max": 1.5952586000000002,
            "count": 81
        },
        "Mover.Policy.Beta.mean": {
            "value": 0.0033931957628571432,
            "min": 0.0033931957628571432,
            "max": 0.004989716322857143,
            "count": 81
        },
        "Mover.Policy.Beta.sum": {
            "value": 0.023752370340000002,
            "min": 0.023752370340000002,
            "max": 0.03976340414,
            "count": 81
        },
        "Mover.IsTraining.mean": {
            "value": 1.0,
            "min": 1.0,
            "max": 1.0,
            "count": 81
        },
        "Mover.IsTraining.sum": {
            "value": 1.0,
            "min": 1.0,
            "max": 1.0,
            "count": 81
        }
    },
    "metadata": {
        "timer_format_version": "0.1.0",
        "start_time_seconds": "1638192681",
        "python_version": "3.8.8 (default, Apr 13 2021, 15:08:03) [MSC v.1916 64 bit (AMD64)]",
        "command_line_arguments": "C:\\Users\\power\\anaconda3\\Scripts\\mlagents-learn Mover.yaml --run-id test1 --force",
        "mlagents_version": "0.27.0",
        "mlagents_envs_version": "0.27.0",
        "communication_protocol_version": "1.5.0",
        "pytorch_version": "1.10.0",
        "numpy_version": "1.20.1",
        "end_time_seconds": "1638193838"
    },
    "total": 1156.1852795999998,
    "count": 1,
    "self": 0.00766799999973955,
    "children": {
        "run_training.setup": {
            "total": 0.19380839999999977,
            "count": 1,
            "self": 0.19380839999999977
        },
        "TrainerController.start_learning": {
            "total": 1155.9838032,
            "count": 1,
            "self": 3.612905399995725,
            "children": {
                "TrainerController._reset_env": {
                    "total": 6.439691600000001,
                    "count": 1,
                    "self": 6.439691600000001
                },
                "TrainerController.advance": {
                    "total": 1145.802522900004,
                    "count": 166222,
                    "self": 1.5884341000100903,
                    "children": {
                        "env_step": {
                            "total": 1144.214088799994,
                            "count": 166222,
                            "self": 715.8236194000116,
                            "children": {
                                "SubprocessEnvManager._take_step": {
                                    "total": 426.42166429999236,
                                    "count": 166222,
                                    "self": 6.903533699985928,
                                    "children": {
                                        "TorchPolicy.evaluate": {
                                            "total": 419.51813060000643,
                                            "count": 163121,
                                            "self": 128.18527600002926,
                                            "children": {
                                                "TorchPolicy.sample_actions": {
                                                    "total": 291.33285459997717,
                                                    "count": 163121,
                                                    "self": 291.33285459997717
                                                }
                                            }
                                        }
                                    }
                                },
                                "workers": {
                                    "total": 1.9688050999900533,
                                    "count": 166221,
                                    "self": 0.0,
                                    "children": {
                                        "worker_root": {
                                            "total": 1147.2982662999898,
                                            "count": 166221,
                                            "is_parallel": true,
                                            "self": 564.8778327999943,